{
  "in_0": [
    32640,
    0
  ],
  "in_1": [
    -128.00000000000045,
    10429.85474643791
  ],
  "in_2": [
    -128,
    5214.1419356266633
  ],
  "in_3": [
    -127.99999999999977,
    3475.2218452095613
  ],
  "in_4": [
    -128,
    2605.49985599836
  ],
  "in_5": [
    -128.0000000000002,
    2083.4570188717325
  ],
  "in_6": [
    -127.99999999999999,
    1735.2536630211107
  ],
  "in_7": [
    -128.00000000000009,
    1486.3870542637114
  ],
  "in_8": [
    -128,
    1299.6058096139341
  ],
  "in_9": [
    -127.99999999999993,
    1154.2147021343658
  ],
  "in_10": [
    -127.99999999999999,
    1037.7965828706442
  ],
  "in_11": [
    -128.00000000000006,
    942.44961808950347
  ],
  "in_12": [
    -128,
    862.90590789311841
  ],
  "in_13": [
    -128,
    795.51843469939683
  ],
  "in_14": [
    -128,
    737.68217665520751
  ],
  "in_15": [
    -127.99999999999987,
    687.48677568047731
  ],
  "in_16": [
    -128,
    643.49945499210855
  ],
  "in_17": [
    -128.00000000000014,
    604.62455396893438
  ],
  "in_18": [
    -128,
    570.00988472504469
  ],
  "in_19": [
    -128,
    538.9826602883586
  ],
  "in_20": [
    -128,
    511.0046443225707
  ],
  "in_21": [
    -127.99999999999996,
    485.64011521130249
  ],
  "in_22": [
    -127.99999999999999,
    462.53256720735089
  ],
  "in_23": [
    -127.99999999999997,
    441.387489540227
  ],
  "in_24": [
    -128,
    421.95945074410497
  ],
  "in_25": [
    -128.00000000000014,
    404.04228274442085
  ],
  "in_26": [
    -127.99999999999999,
    387.46153015267527
  ],
  "in_27": [
    -127.99999999999991,
    372.06857749318851
  ],
  "in_28": [
    -128,
    357.73603487878108
  ],
  "in_29": [
    -128.00000000000006,
    344.35407837179059
  ],
  "in_30": [
    -128,
    331.8275222704732
  ],
  "in_31": [
    -128,
    320.073458047265
  ],
  "in_32": [
    -128,
    309.01933598375615
  ],
  "in_33": [
    -128.00000000000014,
    298.60139559697257
  ],
  "in_34": [
    -128,
    288.76337304693243
  ],
  "in_35": [
    -127.99999999999994,
    279.45543012917142
  ],
  "in_36": [
    -128,
    270.63326176622593
  ],
  "in_37": [
    -128.00000000000006,
    262.25734822793595
  ],
  "in_38": [
    -127.99999999999999,
    254.29232541995077
  ],
  "in_39": [
    -127.99999999999991,
    246.70645204864798
  ],
  "in_40": [
    -128,
    239.47115670904182
  ],
  "in_41": [
    -127.99999999999997,
    232.56065125022744
  ],
  "in_42": [
    -127.99999999999999,
    225.95159937205656
  ],
  "in_43": [
    -127.99999999999994,
    219.62283146184498
  ],
  "in_44": [
    -128,
    213.555098314689
  ],
  "in_45": [
    -128.00000000000003,
    207.7308576887622
  ],
  "in_46": [
    -128,
    202.13408869890694
  ],
  "in_47": [
    -127.99999999999983,
    196.75012990232096
  ],
  "in_48": [
    -128,
    191.56553762118259
  ],
  "in_49": [
    -128.00000000000011,
    186.56796161114926
  ],
  "in_50": [
    -128,
    181.74603564724364
  ],
  "in_51": [
    -127.99999999999996,
    177.08928097956795
  ],
  "in_52": [
    -128,
    172.58802092630017
  ],
  "in_53": [
    -127.99999999999997,
    168.23330513293828
  ],
  "in_54": [
    -127.99999999999999,
    164.01684224467911
  ],
  "in_55": [
    -128.00000000000003,
    159.93093992109812
  ],
  "in_56": [
    -128,
    155.968451275261
  ],
  "in_57": [
    -128,
    152.12272694821962
  ],
  "in_58": [
    -127.99999999999999,
    148.3875721386797
  ],
  "in_59": [
    -128.00000000000009,
    144.7572079998499
  ],
  "in_60": [
    -128,
    141.22623689388496
  ],
  "in_61": [
    -128.00000000000006,
    137.78961106115398
  ],
  "in_62": [
    -128,
    134.44260431870214
  ],
  "in_63": [
    -127.99999999999952,
    131.18078645122927
  ],
  "in_64": [
    -128,
    128
  ],
  "in_65": [
    -128.00000000000043,
    124.89633919134388
  ],
  "in_66": [
    -128,
    121.86613077771824
  ],
  "in_67": [
    -128.00000000000006,
    118.90591659140713
  ],
  "in_68": [
    -128,
    116.01243763445081
  ],
  "in_69": [
    -127.99999999999986,
    113.18261954884471
  ],
  "in_70": [
    -127.99999999999999,
    110.41355932886265
  ],
  "in_71": [
    -128.00000000000011,
    107.70251315292859
  ],
  "in_72": [
    -128,
    105.0468852260685
  ],
  "in_73": [
    -127.99999999999969,
    102.44421753591303
  ],
  "in_74": [
    -127.99999999999999,
    99.89218043570483
  ],
  "in_75": [
    -128.00000000000003,
    97.38856397699206
  ],
  "in_76": [
    -128,
    94.931269922820519
  ],
  "in_77": [
    -128,
    92.518304379418282
  ],
  "in_78": [
    -128,
    90.147770990725718
  ],
  "in_79": [
    -127.99999999999976,
    87.817864645742816
  ],
  "in_80": [
    -128,
    85.526865653670228
  ],
  "in_81": [
    -128.00000000000011,
    83.273134346259326
  ],
  "in_82": [
    -128,
    81.055106070728726
  ],
  "in_83": [
    -128.00000000000003,
    78.871286540142847
  ],
  "in_84": [
    -128,
    76.72024751128626
  ],
  "in_85": [
    -127.99999999999994,
    74.6006227628769
  ],
  "in_86": [
    -127.99999999999999,
    72.511104349484043
  ],
  "in_87": [
    -128.00000000000003,
    70.4504391087697
  ],
  "in_88": [
    -128,
    68.417425401701365
  ],
  "in_89": [
    -128.00000000000014,
    66.410910067197
  ],
  "in_90": [
    -127.99999999999999,
    64.42978557430979
  ],
  "in_91": [
    -127.99999999999993,
    62.47298735652646
  ],
  "in_92": [
    -128,
    60.539491314088963
  ],
  "in_93": [
    -127.99999999999994,
    58.628311471446068
  ],
  "in_94": [
    -128,
    56.738497778030904
  ],
  "in_95": [
    -128.00000000000031,
    54.869134041536086
  ],
  "in_96": [
    -128,
    53.019335983756179
  ],
  "in_97": [
    -127.99999999999953,
    51.1882494098607
  ],
  "in_98": [
    -128,
    49.375048482703363
  ],
  "in_99": [
    -128.00000000000006,
    47.578934094431105
  ],
  "in_100": [
    -128,
    45.799132328259105
  ],
  "in_101": [
    -128.00000000000006,
    44.034893003830575
  ],
  "in_102": [
    -127.99999999999999,
    42.285488300074633
  ],
  "in_103": [
    -127.99999999999991,
    40.550211449933244
  ],
  "in_104": [
    -128,
    38.828375501739828
  ],
  "in_105": [
    -128.00000000000003,
    37.119312142413548
  ],
  "in_106": [
    -127.99999999999999,
    35.422370577973112
  ],
  "in_107": [
    -127.99999999999999,
    33.736916467189616
  ],
  "in_108": [
    -128,
    32.062330904487084
  ],
  "in_109": [
    -127.99999999999996,
    30.398009448457003
  ],
  "in_110": [
    -128,
    28.743361192592431
  ],
  "in_111": [
    -128.00000000000014,
    27.097807875069975
  ],
  "in_112": [
    -128,
    25.460783024596253
  ],
  "in_113": [
    -127.99999999999964,
    23.831731139530575
  ],
  "in_114": [
    -128,
    22.210106897645517
  ],
  "in_115": [
    -128.00000000000006,
    20.595374394046644
  ],
  "in_116": [
    -128,
    18.98700640490847
  ],
  "in_117": [
    -128.00000000000006,
    17.384483674801686
  ],
  "in_118": [
    -127.99999999999999,
    15.787294225502478
  ],
  "in_119": [
    -127.9999999999999,
    14.194932684276864
  ],
  "in_120": [
    -128,
    12.606899629717077
  ],
  "in_121": [
    -128.00000000000014,
    11.022700953296408
  ],
  "in_122": [
    -127.99999999999999,
    9.4418472348734213
  ],
  "in_123": [
    -127.99999999999997,
    7.863853130444113
  ],
  "in_124": [
    -128,
    6.2882367704919488
  ],
  "in_125": [
    -128.00000000000006,
    4.7145191673400859
  ],
  "in_126": [
    -128,
    3.1422236299426913
  ],
  "in_127": [
    -128.00000000000006,
    1.5708751845832012
  ],
  "in_128": [
    -128,
    0
  ],
  "in_129": [
    -128.00000000000006,
    -1.5708751845832012
  ],
  "in_130": [
    -128,
    -3.1422236299426913
  ],
  "in_131": [
    -128.00000000000006,
    -4.7145191673400859
  ],
  "in_132": [
    -128,
    -6.2882367704919488
  ],
  "in_133": [
    -127.99999999999997,
    -7.863853130444113
  ],